image_name,expected_text,detected_text,is_correct,levenshtein_distance,processing_time
51A_72444_02.jpg,51A72444,51A72444,True,0,0.1311783790588379
92A_06625_28.jpg,92A06625,92A06625,True,0,0.1203911304473877
51A_35059_11.jpg,51A35059,51A35059,True,0,0.12031364440917969
75A_16868_01.jpg,75A16868,75A16868,True,0,0.12599897384643555
98A_17339_14.jpg,98A17339,98A17339,True,0,0.12391853332519531
92A_08922_07.jpg,92A08922,92A08922,True,0,0.12355399131774902
51A_89714_10.jpg,51A89714,51A89714,True,0,0.12569642066955566
30E_64379_30.jpg,30E64379,30E64379,True,0,0.13057255744934082
51A_01204_07.jpg,51A01204,51A01204,True,0,0.12135195732116699
51F_63034_26.jpg,51F63034,51F63034,True,0,0.12433385848999023
89A_20061_06.jpg,89A20061,89A20061,True,0,0.12576842308044434
51F_04877_09.jpg,51F04877,51F04877,True,0,0.11996006965637207
51A_69172_25.jpg,51A69172,51A69172,True,0,0.1265578269958496
51A_72078_21.jpg,51A72078,51A72078,True,0,0.13150954246520996
30E_64379_20.jpg,30E64379,30E64379,True,0,0.12645363807678223
51A_85325_24.jpg,51A85325,51A85325,True,0,0.11802816390991211
51F_59881_19.jpg,51F59881,51F59881,True,0,0.12124466896057129
51F_59011_02.jpg,51F59011,51F59011,True,0,0.12927460670471191
51F_07973_01.jpg,51F07973,51F07973,True,0,0.1288928985595703
51H_20969_03.jpg,51H20969,51H20969,True,0,0.12723970413208008
51F_15585_10.jpg,51F15585,51F15585,True,0,0.12423968315124512
51F_63034_00.jpg,51F63034,51F63034,True,0,0.13030147552490234
51F_06948_03.jpg,51F06948,51F06948,True,0,0.14359307289123535
88A_20626_18.jpg,88A20626,88A20626,True,0,0.15196871757507324
51A_89714_08.jpg,51A89714,51A89714,True,0,0.13509464263916016
51F_22029_27.jpg,51F22029,51F22029,True,0,0.12604022026062012
51A_05227_00.jpg,51A05227,51A05227,True,0,0.1197965145111084
51F_44614_06.jpg,51F44614,51F44614,True,0,0.1268444061279297
51F_88270_16.jpg,51F88270,51F88270,True,0,0.13527321815490723
51A_72110_18.jpg,51A72110,51A72110,True,0,0.12657999992370605
51G_49539_30.jpg,51G49539,51649539,False,1,0.11987924575805664
92A_10101_08.jpg,92A10101,92A10101,True,0,0.13153338432312012
51F_16159_13.jpg,51F16159,51F16159,True,0,0.12707781791687012
51A_96141_10.jpg,51A96141,51A96141,True,0,0.12406420707702637
51F_98466_06.jpg,51F98466,51F98466,True,0,0.12101244926452637
51F_86988_14.jpg,51F86988,51F86988,True,0,0.12676072120666504
51F_31118_13.jpg,51F31118,51F31118,True,0,0.12806415557861328
51F_31118_11.jpg,51F31118,51F31118,True,0,0.12220501899719238
75A_19999_16.jpg,75A19999,75A19999,True,0,0.12330126762390137
51A_85325_28.jpg,51A85325,51A85325,True,0,0.13298988342285156
92A_08922_30.jpg,92A08922,92A08922,True,0,0.13316082954406738
51H_60939_09.jpg,51H60939,51H60939,True,0,0.11907577514648438
51F_61712_06.jpg,51F61712,51F61712,True,0,0.12682485580444336
60A_21418_01.jpg,60A21418,60A21418,True,0,0.126633882522583
51F_20754_15.jpg,51F20754,51F20754,True,0,0.12847566604614258
51F_32488_22.jpg,51F32488,51F32488,True,0,0.1788501739501953
51F_44614_15.jpg,51F44614,51F44614,True,0,0.1596825122833252
51A_35059_02.jpg,51A35059,51A35059,True,0,0.16756725311279297
51F_59011_07.jpg,51F59011,51F59011,True,0,0.661097526550293
51F_22261_11.jpg,51F22261,51F22261,True,0,0.12408852577209473
51F_66601_05.jpg,51F66601,51F66601,True,0,0.12530136108398438
51A_85325_30.jpg,51A85325,51A85325,True,0,0.11874508857727051
51F_07568_05.jpg,51F07568,51F07568,True,0,0.1182718276977539
51F_59881_17.jpg,51F59881,51F59881,True,0,0.12446880340576172
51F_44614_30.jpg,51F44614,51F44614,True,0,0.13312530517578125
92A_08922_08.jpg,92A08922,92A08922,True,0,0.1289842128753662
51F_44614_13.jpg,51F44614,51F44614,True,0,0.1286306381225586
89A_07379_27.jpg,89A07379,89A07379,True,0,0.12632203102111816
60A_35981_18.jpg,60A35981,60A35981,True,0,0.12760448455810547
51F_07973_18.jpg,51F07973,51F07973,True,0,0.1254270076751709
51F_24403_07.jpg,51F24403,51F24403,True,0,0.12363553047180176
51F_04275_17.jpg,51F04275,51F04275,True,0,0.12537074089050293
51F_21255_24.jpg,51F21255,51F21255,True,0,0.11836791038513184
51F_59011_37.jpg,51F59011,51F59011,True,0,0.12366557121276855
51F_27809_05.jpg,51F27809,51F27809,True,0,0.11904048919677734
86B_01240_03.jpg,86B01240,86B01240,True,0,0.12395381927490234
51F_63034_22.jpg,51F63034,51F63034,True,0,0.127274751663208
51F_16159_03.jpg,51F16159,51F16159,True,0,0.12469696998596191
86A_06844_29.jpg,86A06844,86A06844,True,0,0.11713147163391113
30E_43502_24.jpg,30E43502,30E43502,True,0,0.12674450874328613
51F_55827_20.jpg,51F55827,51F55827,True,0,0.13515853881835938
51G_10096_11.jpg,51G10096,51G10096,True,0,0.12776827812194824
51G_00672_06.jpg,51G00672,51G00672,True,0,0.12839889526367188
88A_20626_20.jpg,88A20626,88A20626,True,0,0.12730050086975098
60A_86888_00.jpg,60A86888,60A86888,True,0,0.13311243057250977
51F_61712_18.jpg,51F61712,51F61712,True,0,0.12933015823364258
51F_66601_13.jpg,51F66601,51F66601,True,0,0.12620234489440918
51F_06532_13.jpg,51F06532,51F06532,True,0,0.11710953712463379
51G_25181_21.jpg,51G25181,51G25181,True,0,0.12765192985534668
51H_60939_01.jpg,51H60939,51H60939,True,0,0.1198112964630127
60A_35981_04.jpg,60A35981,60A35981,True,0,0.11988401412963867
51H_96668_04.jpg,51H96668,51H96668,True,0,0.1223599910736084
51G_39466_28.jpg,51G39466,51G39466,True,0,0.12106728553771973
51F_44614_12.jpg,51F44614,51F44614,True,0,0.12368011474609375
89A_07379_22.jpg,89A07379,89A07379,True,0,0.12574028968811035
51F_06609_26.jpg,51F06609,51F06609,True,0,0.11795806884765625
51F_78904_07.jpg,51F78904,51F78904,True,0,0.13332390785217285
51A_77529_02.jpg,51A77529,51A77529,True,0,0.12895607948303223
51A_35059_19.jpg,51A35059,51A35059,True,0,0.12029480934143066
60A_20880_29.jpg,60A20880,60A20880,True,0,0.11881113052368164
51F_59881_20.jpg,51F59881,51F59881,True,0,0.13156819343566895
60A_35981_01.jpg,60A35981,60A35981,True,0,0.12362909317016602
51H_36031_21.jpg,51H36031,51H36031,True,0,0.1201009750366211
30E_29328_18.jpg,30E29328,30E29328,True,0,0.11704826354980469
51H_20969_23.jpg,51H20969,51H20969,True,0,0.1268174648284912
43A_29999_29.jpg,43A29999,43A29999,True,0,0.1329326629638672
51H_36031_25.jpg,51H36031,51H36031,True,0,0.12287306785583496
51F_59011_17.jpg,51F59011,51F59011,True,0,0.1566305160522461
51F_07973_09.jpg,51F07973,51F07973,True,0,0.12204217910766602
51A_96141_19.jpg,51A96141,51A96141,True,0,0.13037824630737305
51F_31118_21.jpg,51F31118,51F31118,True,0,0.11799740791320801
61A_39534_17.jpg,61A39534,61A39534,True,0,0.12755751609802246
51A_05227_16.jpg,51A05227,51A05227,True,0,0.12267065048217773
51A_01204_11.jpg,51A01204,51A01204,True,0,0.1294689178466797
51F_22029_28.jpg,51F22029,51F22029,True,0,0.12868499755859375
92A_06625_03.jpg,92A06625,92A06625,True,0,0.12589335441589355
51F_06948_00.jpg,51F06948,51F06948,True,0,0.12837982177734375
51F_59881_11.jpg,51F59881,51F59881,True,0,0.11998200416564941
51F_07973_25.jpg,51F07973,51F07973,True,0,0.13142085075378418
51F_07973_16.jpg,51F07973,51F07973,True,0,0.12298011779785156
51A_96141_16.jpg,51A96141,51A96141,True,0,0.12364387512207031
51F_58214_23.jpg,51F58214,51F58214,True,0,0.1257624626159668
51G_39466_22.jpg,51G39466,51G39466,True,0,0.13817596435546875
51G_37307_15.jpg,51G37307,51G37307,True,0,0.1464385986328125
51F_16159_27.jpg,51F16159,51F16159,True,0,0.13567614555358887
51A_77529_17.jpg,51A77529,51A77529,True,0,0.12151432037353516
30E_64379_29.jpg,30E64379,30E64379,True,0,0.13006162643432617
51F_07973_24.jpg,51F07973,51F07973,True,0,0.12706422805786133
51A_05227_04.jpg,51A05227,51A05227,True,0,0.1179511547088623
51H_96668_05.jpg,51H96668,51H96668,True,0,0.12419891357421875
51F_04275_04.jpg,51F04275,51F04275,True,0,0.12229585647583008
51F_24403_01.jpg,51F24403,51F24403,True,0,0.12530517578125
51A_01204_26.jpg,51A01204,51A01204,True,0,0.12666106224060059
72B_03193_09.jpg,72B03193,72B03193,True,0,0.12703824043273926
60A_35981_07.jpg,60A35981,60A35981,True,0,0.11809802055358887
92A_10101_02.jpg,92A10101,92A10101,True,0,0.12319183349609375
51G_25181_20.jpg,51G25181,51G25181,True,0,0.12447834014892578
51A_89714_12.jpg,51A89714,51A89714,True,0,0.11997032165527344
51F_07568_07.jpg,51F07568,51F07568,True,0,0.12897586822509766
51F_27809_07.jpg,51F27809,51F27809,True,0,0.11977458000183105
51F_31118_20.jpg,51F31118,51F31118,True,0,0.1251506805419922
51F_61712_03.jpg,51F61712,51F61712,True,0,0.12477326393127441
30E_19752_10.jpg,30E19752,30E19752,True,0,0.12748479843139648
60A_35981_17.jpg,60A35981,60A35981,True,0,0.12858223915100098
51F_15585_22.jpg,51F15585,51F15585,True,0,0.13014507293701172
30E_64379_22.jpg,30E64379,30E64379,True,0,0.1252882480621338
89A_13780_11.jpg,89A13780,89A13780,True,0,0.12131643295288086
51F_22261_06.jpg,51F22261,51F22261,True,0,0.1249232292175293
51A_35059_17.jpg,51A35059,51A35059,True,0,0.1177060604095459
51F_61712_04.jpg,51F61712,51F61712,True,0,0.1288926601409912
51G_49539_26.jpg,51G49539,51649539,False,1,0.11588501930236816
51F_31118_16.jpg,51F31118,51F31118,True,0,0.1161952018737793
51A_01204_35.jpg,51A01204,51A01204,True,0,0.12235498428344727
51G_50553_03.jpg,51G50553,51G50553,True,0,0.12441778182983398
51G_47281_12.jpg,51G47281,51G47281,True,0,0.11867618560791016
51G_39466_20.jpg,51G39466,51G39466,True,0,0.12000608444213867
51F_22261_09.jpg,51F22261,51F22261,True,0,0.12590241432189941
51F_06948_02.jpg,51F06948,51F06948,True,0,0.11967253684997559
51F_07973_11.jpg,51F07973,51F07973,True,0,0.12524032592773438
51G_49539_27.jpg,51G49539,51649539,False,1,0.1222386360168457
51A_72078_19.jpg,51A72078,51A72078,True,0,0.13260841369628906
51A_01204_03.jpg,51A01204,51A01204,True,0,0.12547898292541504
51F_15585_12.jpg,51F15585,51F15585,True,0,0.11923909187316895
88A_20626_09.jpg,88A20626,88A20626,True,0,0.12643742561340332
51F_07973_12.jpg,51F07973,51F07973,True,0,0.12777471542358398
89A_06932_21.jpg,89A06932,89A06932,True,0,0.14021015167236328
51F_21255_12.jpg,51F21255,51F21255,True,0,0.12719249725341797
51G_29034_07.jpg,51G29034,51G29034,True,0,0.12583446502685547
51F_59011_13.jpg,51F59011,51F59011,True,0,0.12043380737304688
51F_44166_02.jpg,51F44166,51F44166,True,0,0.12432408332824707
51H_89862_29.jpg,51H89862,51H89862,True,0,0.11888551712036133
51G_49539_28.jpg,51G49539,51649539,False,1,0.11876678466796875
51F_44614_14.jpg,51F44614,51F44614,True,0,0.12573719024658203
51F_16159_33.jpg,51F16159,51F16159,True,0,0.127363920211792
51A_89714_14.jpg,51A89714,51A89714,True,0,0.12920546531677246
51F_16159_18.jpg,51F16159,51F16159,True,0,0.13579654693603516
92A_10101_09.jpg,92A10101,92A10101,True,0,0.1309514045715332
51B_30620_25.jpg,51B30620,51B30620,True,0,0.13167214393615723
51F_04275_10.jpg,51F04275,51F04275,True,0,0.12654614448547363
51A_05227_07.jpg,51A05227,51A05227,True,0,0.11924910545349121
51A_89714_11.jpg,51A89714,51A89714,True,0,0.12938904762268066
92A_06625_02.jpg,92A06625,92A06625,True,0,0.12299132347106934
51F_15585_27.jpg,51F15585,51F15585,True,0,0.12741756439208984
51F_16159_04.jpg,51F16159,51F16159,True,0,0.12265777587890625
51A_85325_22.jpg,51A85325,51A85325,True,0,0.15140819549560547
60A_35981_11.jpg,60A35981,60A35981,True,0,0.1358489990234375
51F_16159_05.jpg,51F16159,51F16159,True,0,0.15358948707580566
51G_21670_07.jpg,51G21670,51G21670,True,0,0.11820077896118164
51A_85325_02.jpg,51A85325,51A85325,True,0,0.12515974044799805
51G_39466_26.jpg,51G39466,51G39466,True,0,0.1298656463623047
30E_43843_16.jpg,30E43843,30E43843,True,0,0.128753662109375
51A_96141_07.jpg,51A96141,51A96141,True,0,0.1307380199432373
51F_06609_25.jpg,51F06609,51F06609,True,0,0.1296062469482422
51H_60939_02.jpg,51H60939,51H60939,True,0,0.11896920204162598
51F_21255_17.jpg,51F21255,51F21255,True,0,0.13012218475341797
51F_63034_02.jpg,51F63034,51F63034,True,0,0.12623977661132812
51F_04877_11.jpg,51F04877,51F04877,True,0,0.12593555450439453
51F_22261_07.jpg,51F22261,51F22261,True,0,0.12898683547973633
60A_03868_26.jpg,60A03868,60A03868,True,0,0.12758803367614746
51A_69172_10.jpg,51A69172,51A69172,True,0,0.11599326133728027
51F_88270_26.jpg,51F88270,51F88270,True,0,0.12714409828186035
51A_77529_05.jpg,51A77529,51A77529,True,0,0.12894272804260254
89A_07379_12.jpg,89A07379,89A07379,True,0,0.12800335884094238
51A_05227_03.jpg,51A05227,51A05227,True,0,0.12679123878479004
51F_21255_21.jpg,51F21255,51F21255,True,0,0.12165355682373047
51A_72078_15.jpg,51A72078,51A72078,True,0,0.12701034545898438
61A_22959_11.jpg,61A22959,61A22959,True,0,0.1306917667388916
51A_77529_12.jpg,51A77529,51A77529,True,0,0.12000799179077148
98A_29814_14.jpg,98A29814,98A29814,True,0,0.1219627857208252
51A_69172_26.jpg,51A69172,51A69172,True,0,0.125474214553833
51G_10096_21.jpg,51G10096,51G10096,True,0,0.11897444725036621
51F_07973_02.jpg,51F07973,51F07973,True,0,0.12501049041748047
51F_59011_03.jpg,51F59011,51F59011,True,0,0.12479496002197266
60A_86888_25.jpg,60A86888,60A86888,True,0,0.12537622451782227
51F_07973_22.jpg,51F07973,51F07973,True,0,0.1354076862335205
98A_17339_09.jpg,98A17339,98A17339,True,0,0.12567138671875
51A_01204_25.jpg,51A01204,51A01204,True,0,0.1273198127746582
75A_16868_13.jpg,75A16868,75A16868,True,0,0.126190185546875
51F_88270_27.jpg,51F88270,51F88270,True,0,0.12493038177490234
75A_19999_02.jpg,75A19999,75A19999,True,0,0.11625528335571289
51F_15585_01.jpg,51F15585,51F15585,True,0,0.12310004234313965
51F_06948_01.jpg,51F06948,51F06948,True,0,0.12390542030334473
51F_59881_26.jpg,51F59881,51F59881,True,0,0.12875747680664062
30E_05207_03.jpg,30E05207,30E05207,True,0,0.12034273147583008
51F_59881_12.jpg,51F59881,51F59881,True,0,0.12383031845092773
98A_13467_08.jpg,98A13467,98A13467,True,0,0.1280806064605713
51F_59011_27.jpg,51F59011,51F59011,True,0,0.13074517250061035
51F_24403_30.jpg,51F24403,51F24403,True,0,0.12766718864440918
51A_60216_21.jpg,51A60216,51A60216,True,0,0.12770342826843262
51G_10096_19.jpg,51G10096,51G10096,True,0,0.13050365447998047
51F_66601_09.jpg,51F66601,51F66601,True,0,0.1255488395690918
51F_04877_10.jpg,51F04877,51F04877,True,0,0.12662816047668457
51H_96668_13.jpg,51H96668,51H96668,True,0,0.12847590446472168
51F_22261_13.jpg,51F22261,51F22261,True,0,0.12640929222106934
51F_59011_01.jpg,51F59011,51F59011,True,0,0.13113951683044434
30E_38721_19.jpg,30E38721,30E38721,True,0,0.12403345108032227
51F_16159_00.jpg,51F16159,51F16159,True,0,0.12309384346008301
51A_01204_30.jpg,51A01204,51A01204,True,0,0.12402558326721191
61A_39534_07.jpg,61A39534,61A39534,True,0,0.12944626808166504
51F_78396_01.jpg,51F78396,51F78396,True,0,0.12422585487365723
51F_35613_26.jpg,51F35613,51F35613,True,0,0.12209224700927734
51F_16159_30.jpg,51F16159,51F16159,True,0,0.12490034103393555
51F_15585_17.jpg,51F15585,51F15585,True,0,0.13146328926086426
92A_10101_07.jpg,92A10101,92A10101,True,0,0.12375688552856445
61A_22959_12.jpg,61A22959,61A22959,True,0,0.12154388427734375
92A_06625_22.jpg,92A06625,92A06625,True,0,0.12139582633972168
75A_16868_14.jpg,75A16868,75A16868,True,0,0.12711691856384277
51F_06532_22.jpg,51F06532,51F06532,True,0,0.1194767951965332
51F_59881_16.jpg,51F59881,51F59881,True,0,0.11918330192565918
51F_32488_24.jpg,51F32488,51F32488,True,0,0.11699652671813965
51F_66601_16.jpg,51F66601,51F66601,True,0,0.12630844116210938
51G_10209_26.jpg,51G10209,51G10209,True,0,0.11784148216247559
51G_29034_25.jpg,51G29034,51G29034,True,0,0.12362122535705566
61A_30001_15.jpg,61A30001,61A30001,True,0,0.12362861633300781
51F_63034_20.jpg,51F63034,51F63034,True,0,0.1304788589477539
75A_19999_10.jpg,75A19999,75A19999,True,0,0.11885690689086914
92A_08922_04.jpg,92A08922,92A08922,True,0,0.13515400886535645
92A_10101_06.jpg,92A10101,92A10101,True,0,0.1289830207824707
92A_06625_24.jpg,92A06625,92A06625,True,0,0.12494206428527832
51A_60216_22.jpg,51A60216,51A60216,True,0,0.13435745239257812
51F_06532_14.jpg,51F06532,51F06532,True,0,0.14090752601623535
51F_21255_15.jpg,51F21255,51F21255,True,0,0.13068103790283203
51A_72078_13.jpg,51A72078,51A72078,True,0,0.1335439682006836
51A_96141_03.jpg,51A96141,51A96141,True,0,0.15238738059997559
51F_07973_07.jpg,51F07973,51F07973,True,0,0.15197229385375977
51F_61712_20.jpg,51F61712,51F61712,True,0,0.13569378852844238
51A_96141_18.jpg,51A96141,51A96141,True,0,0.12832331657409668
51F_77836_14.jpg,51F77836,51F77836,True,0,0.13537883758544922
51F_24403_29.jpg,51F24403,51F24403,True,0,0.12906479835510254
51F_32488_21.jpg,51F32488,51F32488,True,0,0.12845897674560547
51F_98466_01.jpg,51F98466,51F98466,True,0,0.12077093124389648
51F_06609_24.jpg,51F06609,51F06609,True,0,0.1235661506652832
51F_61712_13.jpg,51F61712,51F61712,True,0,0.13606023788452148
30E_05207_07.jpg,30E05207,30E05207,True,0,0.12372851371765137
51F_78396_02.jpg,51F78396,51F78396,True,0,0.12798070907592773
51A_77529_16.jpg,51A77529,51A77529,True,0,0.1354997158050537
75A_16868_05.jpg,75A16868,75A16868,True,0,0.13893890380859375
86B_01240_04.jpg,86B01240,86B01240,True,0,0.12863492965698242
51F_07973_08.jpg,51F07973,51F07973,True,0,0.12752366065979004
51F_69259_17.jpg,51F69259,51F69259,True,0,0.1239922046661377
51F_15380_03.jpg,51F15380,51F15380,True,0,0.14186501502990723
51F_35613_25.jpg,51F35613,51F35613,True,0,0.1248784065246582
43A_27208_12.jpg,43A27208,43A27208,True,0,0.13010311126708984
51F_82606_09.jpg,51F82606,51F82606,True,0,0.12887024879455566
51H_96668_03.jpg,51H96668,51H96668,True,0,0.13295555114746094
51F_59011_00.jpg,51F59011,51F59011,True,0,0.12831902503967285
51A_13883_24.jpg,51A13883,51A13883,True,0,0.13120555877685547
51F_77836_28.jpg,51F77836,51F77836,True,0,0.12572979927062988
51F_22261_08.jpg,51F22261,51F22261,True,0,0.13255906105041504
92A_06625_25.jpg,92A06625,92A06625,True,0,0.12343049049377441
51F_06948_04.jpg,51F06948,51F06948,True,0,0.12836050987243652
88A_16456_02.jpg,88A16456,88A16456,True,0,0.12999176979064941
51H_18888_18.jpg,51H18888,51H18888,True,0,0.13121795654296875
60A_35981_02.jpg,60A35981,60A35981,True,0,0.12432074546813965
51A_02923_16.jpg,51A02923,51A02923,True,0,0.1275012493133545
51F_69259_18.jpg,51F69259,51F69259,True,0,0.17722249031066895
51F_20754_10.jpg,51F20754,51F20754,True,0,0.4854316711425781
51G_31691_26.jpg,51G31691,51G31691,True,0,0.6708753108978271
51G_10096_20.jpg,51G10096,51G10096,True,0,0.1295180320739746
51F_15585_15.jpg,51F15585,51F15585,True,0,0.1195366382598877
51F_59011_16.jpg,51F59011,51F59011,True,0,0.12558746337890625
43A_27208_03.jpg,43A27208,43A27208,True,0,0.127549409866333
51F_59011_06.jpg,51F59011,51F59011,True,0,0.12212944030761719
51A_96141_29.jpg,51A96141,51A96141,True,0,0.13198375701904297
51G_47281_00.jpg,51G47281,51G47281,True,0,0.12490177154541016
51F_22261_19.jpg,51F22261,51F22261,True,0,0.12914729118347168
89A_20061_03.jpg,89A20061,89A20061,True,0,0.1334826946258545
51G_37675_19.jpg,51G37675,51G37675,True,0,0.12134408950805664
51A_96141_08.jpg,51A96141,51A96141,True,0,0.12604475021362305
51F_15585_04.jpg,51F15585,51F15585,True,0,0.13056373596191406
51A_05227_28.jpg,51A05227,51A05227,True,0,0.12163448333740234
51F_59011_22.jpg,51F59011,51F59011,True,0,0.1302034854888916
51F_98466_07.jpg,51F98466,51F98466,True,0,0.1233212947845459
51A_01204_10.jpg,51A01204,51A01204,True,0,0.12066888809204102
51A_96141_23.jpg,51A96141,51A96141,True,0,0.1263408660888672
51A_01204_24.jpg,51A01204,51A01204,True,0,0.1183624267578125
51A_01204_08.jpg,51A01204,51A01204,True,0,0.1260523796081543
51A_72078_16.jpg,51A72078,51A72078,True,0,0.11860966682434082
51A_60216_19.jpg,51A60216,51A60216,True,0,0.12554216384887695
51F_69259_19.jpg,51F69259,51F69259,True,0,0.1274726390838623
51F_04275_03.jpg,51F04275,51F04275,True,0,0.13131928443908691
51F_21255_20.jpg,51F21255,51F21255,True,0,0.1298820972442627
51F_15585_19.jpg,51F15585,51F15585,True,0,0.12891817092895508
51A_96141_22.jpg,51A96141,51A96141,True,0,0.12973499298095703
51A_35059_00.jpg,51A35059,51A35059,True,0,0.12226200103759766
51G_10209_24.jpg,51G10209,51G10209,True,0,0.1296849250793457
51F_66601_07.jpg,51F66601,51F66601,True,0,0.1298685073852539
51G_31691_25.jpg,51G31691,51G31691,True,0,0.12159037590026855
51H_96668_00.jpg,51H96668,51H96668,True,0,0.12984800338745117
51A_85325_12.jpg,51A85325,51A85325,True,0,0.13714313507080078
30E_29328_10.jpg,30E29328,30E29328,True,0,0.12917613983154297
51F_66601_10.jpg,51F66601,51F66601,True,0,0.13777971267700195
51F_59011_29.jpg,51F59011,51F59011,True,0,0.13239789009094238
92A_08922_09.jpg,92A08922,92A08922,True,0,0.14454388618469238
51B_30620_02.jpg,51B30620,51B30620,True,0,0.15759563446044922
51H_20969_15.jpg,51H20969,51H20969,True,0,0.141082763671875
88A_20626_01.jpg,88A20626,88A20626,True,0,0.12758302688598633
51F_07973_20.jpg,51F07973,51F07973,True,0,0.12431573867797852
60A_35981_03.jpg,60A35981,60A35981,True,0,0.11943507194519043
51A_01204_04.jpg,51A01204,51A01204,True,0,0.1270737648010254
51F_21255_22.jpg,51F21255,51F21255,True,0,0.1193552017211914
51G_29034_01.jpg,51G29034,51G29034,True,0,0.12749457359313965
51F_31118_18.jpg,51F31118,51F31118,True,0,0.1244058609008789
51F_82606_12.jpg,51F82606,51F82606,True,0,0.12678170204162598
51F_21255_18.jpg,51F21255,51F21255,True,0,0.12294960021972656
51F_24403_05.jpg,51F24403,51F24403,True,0,0.12588143348693848
51A_69172_05.jpg,51A69172,51A69172,True,0,0.130601167678833
51G_31691_03.jpg,51G31691,51G31691,True,0,0.12629079818725586
51F_98466_12.jpg,51F98466,51F98466,True,0,0.11766290664672852
51F_15585_28.jpg,51F15585,51F15585,True,0,0.12584233283996582
51F_31118_17.jpg,51F31118,51F31118,True,0,0.1277611255645752
51F_24403_22.jpg,51F24403,51F24403,True,0,0.13280344009399414
51F_82606_10.jpg,51F82606,51F82606,True,0,0.13029861450195312
92A_08922_03.jpg,92A08922,92A08922,True,0,0.13305139541625977
51G_47281_13.jpg,51G47281,51G47281,True,0,0.13754534721374512
75A_19999_11.jpg,75A19999,75A19999,True,0,0.13343310356140137
51F_32488_23.jpg,51F32488,51F32488,True,0,0.12317466735839844
51A_72078_20.jpg,51A72078,51A72078,True,0,0.13137149810791016
51B_21666_16.jpg,51B21666,51B21666,True,0,0.12868666648864746
51A_69172_29.jpg,51A69172,51A69172,True,0,0.12026071548461914
51G_47281_15.jpg,51G47281,51G47281,True,0,0.12716937065124512
51F_63034_29.jpg,51F63034,51F63034,True,0,0.12485790252685547
51G_31691_30.jpg,51G31691,51G31691,True,0,0.12285327911376953
51A_72110_21.jpg,51A72110,51A72110,True,0,0.12897157669067383
51F_24403_28.jpg,51F24403,51F24403,True,0,0.12079453468322754
86A_06642_18.jpg,86A06642,86A06642,True,0,0.12831377983093262
51H_95326_02.jpg,51H95326,51H95326,True,0,0.12447261810302734
51A_01204_01.jpg,51A01204,51A01204,True,0,0.12853217124938965
51G_21748_12.jpg,51G21748,51G21748,True,0,0.12045836448669434
51F_07973_26.jpg,51F07973,51F07973,True,0,0.12971901893615723
61A_22959_09.jpg,61A22959,61A22959,True,0,0.14988398551940918
51B_15533_09.jpg,51B15533,51B15533,True,0,0.1351487636566162
51G_50553_04.jpg,51G50553,51G50553,True,0,0.13218116760253906
51F_59881_30.jpg,51F59881,51F59881,True,0,0.1272432804107666
75A_16868_15.jpg,75A16868,75A16868,True,0,0.1278543472290039
51F_15585_11.jpg,51F15585,51F15585,True,0,0.11855268478393555
51H_60939_28.jpg,51H60939,51H60939,True,0,0.11988544464111328
51A_01204_09.jpg,51A01204,51A01204,True,0,0.12495732307434082
51F_63034_28.jpg,51F63034,51F63034,True,0,0.11969852447509766
98A_17339_12.jpg,98A17339,98A17339,True,0,0.126753568649292
43A_27208_20.jpg,43A27208,43A27208,True,0,0.1285710334777832
61A_22959_06.jpg,61A22959,61A22959,True,0,0.1248636245727539
51F_44166_29.jpg,51F44166,51F44166,True,0,0.131638765335083
51F_59881_24.jpg,51F59881,51F59881,True,0,0.12503981590270996
51F_13251_30.jpg,51F13251,51F13251,True,0,0.12454462051391602
51A_96141_01.jpg,51A96141,STA9614U,False,3,0.12563347816467285
51F_63034_19.jpg,51F63034,51F63034,True,0,0.12669920921325684
51F_22261_12.jpg,51F22261,51F22261,True,0,0.12613558769226074
43A_27208_08.jpg,43A27208,43A27208,True,0,0.1306777000427246
51F_59881_00.jpg,51F59881,51F59881,True,0,0.12661433219909668
88A_16456_01.jpg,88A16456,88A16456,True,0,0.1298971176147461
51F_61712_11.jpg,51F61712,51F61712,True,0,0.12512683868408203
43A_29999_17.jpg,43A29999,43A29999,True,0,0.12737822532653809
51F_61712_05.jpg,51F61712,51F61712,True,0,0.1290278434753418
51F_61712_09.jpg,51F61712,51F61712,True,0,0.12702083587646484
51F_98466_03.jpg,51F98466,51F98466,True,0,0.1273806095123291
51G_31691_21.jpg,51G31691,51G31691,True,0,0.12056136131286621
51F_15585_05.jpg,51F15585,51F15585,True,0,0.1274425983428955
51G_47281_01.jpg,51G47281,51G47281,True,0,0.1278672218322754
51F_16159_22.jpg,51F16159,51F16159,True,0,0.12523174285888672
51F_15585_09.jpg,51F15585,51F15585,True,0,0.11596083641052246
51A_85325_17.jpg,51A85325,51A85325,True,0,0.1271514892578125
51F_20754_11.jpg,51F20754,51F20754,True,0,0.11941409111022949
51F_63034_18.jpg,51F63034,51F63034,True,0,0.13098692893981934
51H_20969_17.jpg,51H20969,51H20969,True,0,0.1244955062866211
51H_18888_15.jpg,51H18888,51H18888,True,0,0.12820649147033691
51A_01204_06.jpg,51A01204,51A01204,True,0,0.12676334381103516
51F_66601_11.jpg,51F66601,51F66601,True,0,0.12495708465576172
51F_44166_05.jpg,51F44166,51F44166,True,0,0.12440323829650879
51G_48154_23.jpg,51G48154,51G48154,True,0,0.1302046775817871
51F_59011_25.jpg,51F59011,51F59011,True,0,0.12721681594848633
51F_64665_11.jpg,51F64665,51F64665,True,0,0.1375260353088379
51H_18888_13.jpg,51H18888,51H18888,True,0,0.15069985389709473
51F_07973_15.jpg,51F07973,51F07973,True,0,0.1292436122894287
51F_77836_12.jpg,51F77836,51F77836,True,0,0.12821459770202637
51A_62686_24.jpg,51A62686,51A62686,True,0,0.12539076805114746
92A_08922_01.jpg,92A08922,92A08922,True,0,0.12995052337646484
51F_35613_28.jpg,51F35613,51F35613,True,0,0.12586474418640137
51F_59881_02.jpg,51F59881,51F59881,True,0,0.12722182273864746
51H_96668_10.jpg,51H96668,51H96668,True,0,0.13228940963745117
60A_35981_08.jpg,60A35981,60A35981,True,0,0.128662109375
88A_16456_03.jpg,88A16456,88A16456,True,0,0.12826919555664062
88A_20626_05.jpg,88A20626,88A20626,True,0,0.13188409805297852
51F_06532_23.jpg,51F06532,51F06532,True,0,0.1188669204711914
62A_05195_21.jpg,62A05195,62A05195,True,0,0.1309061050415039
51G_47281_16.jpg,51G47281,51G47281,True,0,0.12630295753479004
61A_22959_10.jpg,61A22959,61A22959,True,0,0.11964941024780273
43B_03314_22.jpg,43B03314,63B03314,False,1,0.12055850028991699
51F_31118_12.jpg,51F31118,51F31118,True,0,0.12629199028015137
51F_16159_31.jpg,51F16159,51F16159,True,0,0.1250927448272705
51F_59011_28.jpg,51F59011,51F59011,True,0,0.12209200859069824
51A_72110_26.jpg,51A72110,51A72110,True,0,0.12245321273803711
51A_96141_26.jpg,51A96141,51A96141,True,0,0.13189339637756348
92A_10101_01.jpg,92A10101,92A10101,True,0,0.12734270095825195
30E_19752_11.jpg,30E19752,30E19752,True,0,0.12848377227783203
51F_31118_19.jpg,51F31118,51F31118,True,0,0.11934471130371094
51F_16159_29.jpg,51F16159,51F16159,True,0,0.12398314476013184
51G_42971_07.jpg,51G42971,51G42971,True,0,0.11993241310119629
51F_61712_10.jpg,51F61712,51F61712,True,0,0.13049054145812988
51F_06532_15.jpg,51F06532,51F06532,True,0,0.12303590774536133
51A_01204_37.jpg,51A01204,51A01204,True,0,0.12721991539001465
51A_89714_01.jpg,51A89714,51A89714,True,0,0.12398004531860352
51F_63034_24.jpg,51F63034,51F63034,True,0,0.11883974075317383
51F_63034_21.jpg,51F63034,51F63034,True,0,0.12465429306030273
51F_59011_18.jpg,51F59011,51F59011,True,0,0.12452960014343262
89A_20664_22.jpg,89A20664,89A20664,True,0,0.1274561882019043
51F_61712_16.jpg,51F61712,51F61712,True,0,0.12356305122375488
60A_20880_28.jpg,60A20880,60A20880,True,0,0.11789631843566895
88A_20626_02.jpg,88A20626,88A20626,True,0,0.13160276412963867
51C_59323_27.jpg,51C59323,51C59323,True,0,0.13131046295166016
51A_72444_00.jpg,51A72444,51A72444,True,0,0.1258988380432129
51F_16159_28.jpg,51F16159,51F16159,True,0,0.12491512298583984
51A_89714_13.jpg,51A89714,51A89714,True,0,0.11594796180725098
51H_95326_01.jpg,51H95326,51H95326,True,0,0.1261155605316162
51A_96141_09.jpg,51A96141,51A96141,True,0,0.12345504760742188
51F_22029_00.jpg,51F22029,51F22029,True,0,0.11921548843383789
51A_72110_11.jpg,51A72110,51A72110,True,0,0.13023948669433594
86A_06844_30.jpg,86A06844,86A06844,True,0,0.12586688995361328
51A_01204_28.jpg,51A01204,51A01204,True,0,0.12398290634155273
51F_77836_17.jpg,51F77836,51F77836,True,0,0.12401103973388672
51F_59011_38.jpg,51F59011,51F59011,True,0,0.12238287925720215
51A_69172_01.jpg,51A69172,51A69172,True,0,0.11932039260864258
51F_15585_08.jpg,51F15585,51F15585,True,0,0.12395143508911133
98A_13467_07.jpg,98A13467,98A13467,True,0,0.1259167194366455
51A_96141_17.jpg,51A96141,51A96141,True,0,0.1304469108581543
51F_69545_20.jpg,51F69545,51F69545,True,0,0.1206815242767334
60A_35981_06.jpg,60A35981,60A35981,True,0,0.1203145980834961
51A_35059_18.jpg,51A35059,51A35059,True,0,0.12135791778564453
51F_79512_17.jpg,51F79512,51F79512,True,0,0.12716150283813477
86A_06642_12.jpg,86A06642,86A06642,True,0,0.12598633766174316
51F_15585_13.jpg,51F15585,51F15585,True,0,0.12435746192932129
60A_35981_00.jpg,60A35981,60A35981,True,0,0.12045574188232422
86A_06642_28.jpg,86A06642,86A06642,True,0,0.12509369850158691
51G_43630_08.jpg,51G43630,51G43630,True,0,0.12347292900085449
51F_61712_21.jpg,51F61712,51F61712,True,0,0.13376355171203613
51F_06948_30.jpg,51F06948,51F06948,True,0,0.12734413146972656
51A_00530_22.jpg,51A00530,51A00530,True,0,0.11895608901977539
51B_30620_04.jpg,51B30620,51B30620,True,0,0.12632155418395996
51F_15585_23.jpg,51F15585,51F15585,True,0,0.11992478370666504
51F_06532_16.jpg,51F06532,51F06532,True,0,0.12470746040344238
86B_01240_02.jpg,86B01240,86B01240,True,0,0.13743162155151367
51H_18888_11.jpg,51H18888,51H18888,True,0,0.13534808158874512
30E_19752_12.jpg,30E19752,30E19752,True,0,0.12685728073120117
51F_06948_27.jpg,51F06948,51F06948,True,0,0.12797045707702637
60A_35981_12.jpg,60A35981,60A35981,True,0,0.1281909942626953
51F_74776_25.jpg,51F74776,51F74776,True,0,0.13439464569091797
51A_96141_30.jpg,51A96141,51A96141,True,0,0.11919164657592773
51H_36031_12.jpg,51H36031,51H36031,True,0,0.12050151824951172
51B_24790_03.jpg,51B24790,51B24790,True,0,0.12761878967285156
51B_24790_04.jpg,51B24790,51B24790,True,0,0.1318497657775879
48A_05177_28.jpg,48A05177,48A05177,True,0,0.12755846977233887
51F_88270_25.jpg,51F88270,51F88270,True,0,0.15716910362243652
43A_27208_19.jpg,43A27208,43A27208,True,0,0.1209096908569336
51F_63034_01.jpg,51F63034,51F63034,True,0,0.12499690055847168
48A_05177_24.jpg,48A05177,48A05177,True,0,0.12776398658752441
51B_24790_01.jpg,51B24790,51B24790,True,0,0.12778472900390625
51H_96668_01.jpg,51H96668,51H96668,True,0,0.12623929977416992
51H_20969_19.jpg,51H20969,51H20969,True,0,0.12666964530944824
51F_16159_06.jpg,51F16159,51F16159,True,0,0.12627243995666504
51F_31118_15.jpg,51F31118,51F31118,True,0,0.1269848346710205
30E_19752_14.jpg,30E19752,30E19752,True,0,0.12737560272216797
72B_03193_14.jpg,72B03193,72B03193,True,0,0.12560677528381348
51A_01204_02.jpg,51A01204,51A01204,True,0,0.12486028671264648
51H_36031_23.jpg,51H36031,51H36031,True,0,0.12401771545410156
51A_96141_20.jpg,51A96141,51A96141,True,0,0.11852765083312988
92A_06625_21.jpg,92A06625,92A06625,True,0,0.11944198608398438
51F_06532_20.jpg,51F06532,51F06532,True,0,0.12698841094970703
51F_15585_25.jpg,51F15585,51F15585,True,0,0.11973190307617188
51G_49539_02.jpg,51G49539,51G49539,True,0,0.128525972366333
61A_39534_03.jpg,61A39534,61A39534,True,0,0.1272900104522705
51F_22029_05.jpg,51F22029,51F22029,True,0,0.12129664421081543
30E_38721_10.jpg,30E38721,30E38721,True,0,0.13506221771240234
51F_04275_07.jpg,51F04275,51F04275,True,0,0.13138604164123535
51H_95326_06.jpg,51H95326,51H95326,True,0,0.13227462768554688
51A_77529_18.jpg,51A77529,51A77529,True,0,0.12135004997253418
89A_20664_23.jpg,89A20664,89A20664,True,0,0.12376284599304199
51F_63034_04.jpg,51F63034,51F63034,True,0,0.11881804466247559
51F_64619_10.jpg,51F64619,51F64619,True,0,0.12131237983703613
51A_13883_05.jpg,51A13883,51A13883,True,0,0.1239316463470459
51F_59881_23.jpg,51F59881,51F59881,True,0,0.12391161918640137
51F_77836_30.jpg,51F77836,51F77836,True,0,0.12255311012268066
51F_57493_22.jpg,51F57493,51F57493,True,0,0.12745451927185059
51G_29034_04.jpg,51G29034,51G29034,True,0,0.12474322319030762
30E_43843_18.jpg,30E43843,30E43843,True,0,0.12452888488769531
51F_59011_23.jpg,51F59011,51F59011,True,0,0.12810659408569336
51F_07973_19.jpg,51F07973,51F07973,True,0,0.1269524097442627
43A_27208_11.jpg,43A27208,43A27208,True,0,0.12686896324157715
43A_29999_03.jpg,43A29999,43A29999,True,0,0.12920379638671875
30E_05207_08.jpg,30E05207,30E05207,True,0,0.12407779693603516
51A_69172_08.jpg,51A69172,51A69172,True,0,0.1213235855102539
51F_63034_06.jpg,51F63034,51F63034,True,0,0.12708234786987305
51F_20754_12.jpg,51F20754,51F20754,True,0,0.12422943115234375
51A_96141_24.jpg,51A96141,51A96141,True,0,0.12960100173950195
51F_22261_17.jpg,51F22261,51F22261,True,0,0.1269209384918213
51A_90905_16.jpg,51A90905,51A90905,True,0,0.18512773513793945
51F_15585_03.jpg,51F15585,51F15585,True,0,0.22116947174072266
51F_79512_16.jpg,51F79512,51F79512,True,0,0.2391808032989502
51A_89714_09.jpg,51A89714,51A89714,True,0,0.6737010478973389
92A_06625_29.jpg,92A06625,92A06625,True,0,0.11944127082824707
30E_38721_04.jpg,30E38721,30E38721,True,0,0.12407445907592773
51F_16159_09.jpg,51F16159,51F16159,True,0,0.1264660358428955
51F_79512_08.jpg,51F79512,51F79512,True,0,0.1205747127532959
89A_06932_20.jpg,89A06932,89A06932,True,0,0.12064409255981445
51G_29034_09.jpg,51G29034,51G29034,True,0,0.1271061897277832
51A_01204_23.jpg,51A01204,51A01204,True,0,0.12084317207336426
51G_39466_18.jpg,51G39466,51G39466,True,0,0.12503886222839355
51B_15533_07.jpg,51B15533,51B15533,True,0,0.11851358413696289
51G_10209_22.jpg,51G10209,51G10209,True,0,0.11923551559448242
51A_90905_17.jpg,51A90905,51A90905,True,0,0.12654924392700195
51A_25668_09.jpg,51A25668,51A25668,True,0,0.12618684768676758
51A_05227_29.jpg,51A05227,51A05227,True,0,0.12796831130981445
51G_49160_27.jpg,51G49160,51G49160,True,0,0.13141250610351562
89A_20061_18.jpg,89A20061,89A20061,True,0,0.12987256050109863
51F_07973_13.jpg,51F07973,51F07973,True,0,0.1206960678100586
51A_69172_03.jpg,51A69172,51A69172,True,0,0.11958694458007812
51F_78904_04.jpg,51F78904,51F78904,True,0,0.12429618835449219
51F_66601_04.jpg,51F66601,51F66601,True,0,0.12777400016784668
51G_47281_18.jpg,51G47281,51G47281,True,0,0.126603364944458
51F_04275_00.jpg,51F04275,51F04275,True,0,0.1281132698059082
51F_73029_22.jpg,51F73029,51F73029,True,0,0.1271958351135254
51F_24403_15.jpg,51F24403,51F24403,True,0,0.1192314624786377
51F_77836_18.jpg,51F77836,51F77836,True,0,0.12978601455688477
51F_15585_26.jpg,51F15585,51F15585,True,0,0.14185595512390137
51F_64619_08.jpg,51F64619,51F64619,True,0,0.16100597381591797
89A_20061_14.jpg,89A20061,89A20061,True,0,0.13333654403686523
51G_29034_27.jpg,51G29034,51G29034,True,0,0.13797998428344727
51F_21255_19.jpg,51F21255,51F21255,True,0,0.1182091236114502
51H_36031_27.jpg,51H36031,51H36031,True,0,0.11865973472595215
51F_44166_11.jpg,51F44166,51F44166,True,0,0.12857413291931152
51F_16159_02.jpg,51F16159,51F16159,True,0,0.12313699722290039
51F_15585_06.jpg,51F15585,51F15585,True,0,0.12481045722961426
51A_96141_06.jpg,51A96141,51A96141,True,0,0.12558650970458984
30E_43843_25.jpg,30E43843,30E43843,True,0,0.1252903938293457
51F_31118_14.jpg,51F31118,51F31118,True,0,0.12297654151916504
51A_77529_10.jpg,51A77529,51A77529,True,0,0.12306475639343262
51F_07973_00.jpg,51F07973,51F07973,True,0,0.12200570106506348
51H_20969_07.jpg,51H20969,51H20969,True,0,0.12488889694213867
51F_63034_03.jpg,51F63034,51F63034,True,0,0.12472128868103027
51A_72110_22.jpg,51A72110,51A72110,True,0,0.12379121780395508
51F_22029_01.jpg,51F22029,51F22029,True,0,0.12114882469177246
51F_16159_32.jpg,51F16159,51F16159,True,0,0.1275169849395752
51A_01204_36.jpg,51A01204,51A01204,True,0,0.1294078826904297
51G_21797_14.jpg,51G21797,51G21797,True,0,0.1228187084197998
51F_79512_09.jpg,51F79512,51F79512,True,0,0.12228989601135254
51A_77529_08.jpg,51A77529,51A77529,True,0,0.12339353561401367
51F_16159_08.jpg,51F16159,51F16159,True,0,0.13997387886047363
88A_20626_28.jpg,88A20626,88A20626,True,0,0.1459968090057373
51F_59011_15.jpg,51F59011,51F59011,True,0,0.1382310390472412
51A_01204_27.jpg,51A01204,51A01204,True,0,0.12791132926940918
75A_16868_09.jpg,75A16868,75A16868,True,0,0.1349656581878662
51A_77529_03.jpg,51A77529,51A77529,True,0,0.12706518173217773
51A_13883_06.jpg,51A13883,51A13883,True,0,0.12724018096923828
51A_60216_23.jpg,51A60216,51A60216,True,0,0.13786602020263672
51F_61712_22.jpg,51F61712,51F61712,True,0,0.12590503692626953
51G_39466_21.jpg,51G39466,51G39466,True,0,0.1210622787475586
92A_08922_00.jpg,92A08922,92A08922,True,0,0.12952756881713867
51G_37307_08.jpg,51G37307,51G37307,True,0,0.12724971771240234
51G_49539_29.jpg,51G49539,51649539,False,1,0.12188243865966797
51F_78904_08.jpg,51F78904,51F78904,True,0,0.1243429183959961
89A_07379_16.jpg,89A07379,89A07379,True,0,0.12891554832458496
51A_96141_27.jpg,51A96141,51A96141,True,0,0.12482500076293945
51F_69259_16.jpg,51F69259,51F9259,False,1,0.12673187255859375
99A_33254_20.jpg,99A33254,99433254,False,1,0.13032841682434082
51A_01204_13.jpg,51A01204,51A01204,True,0,0.1195528507232666
51A_96141_02.jpg,51A96141,151A96141,False,1,0.12569427490234375
51A_96141_21.jpg,51A96141,51A96141,True,0,0.13220691680908203
88A_20626_06.jpg,88A20626,88A20626,True,0,0.12713289260864258
51G_55555_11.jpg,51G55555,51G55555,True,0,0.1269829273223877
51F_49142_17.jpg,51F49142,5IF49142,False,1,0.12299156188964844
51G_39466_01.jpg,51G39466,51G39466,True,0,0.1244344711303711
51F_27809_08.jpg,51F27809,51F27809,True,0,0.12553882598876953
51F_61712_15.jpg,51F61712,51F61712,True,0,0.12410640716552734
51F_59011_05.jpg,51F59011,51F59011,True,0,0.11628460884094238
51A_35059_07.jpg,51A35059,51A35059,True,0,0.12006449699401855
51G_37307_10.jpg,51G37307,51G37307,True,0,0.12416458129882812
51F_59011_12.jpg,51F59011,51F59011,True,0,0.13062286376953125
51F_15585_21.jpg,51F15585,51F15585,True,0,0.1264491081237793
51A_05227_18.jpg,51A05227,151A05227,False,1,0.12139058113098145
62A_05516_26.jpg,62A05516,62405516,False,1,0.12414288520812988
51A_85325_23.jpg,51A85325,151A85325,False,1,0.12475872039794922
51A_72110_23.jpg,51A72110,51A72110,True,0,0.12543654441833496
51F_44614_08.jpg,51F44614,DIF44614,False,2,0.13251566886901855
51F_79512_13.jpg,51F79512,51F79512,True,0,0.13401508331298828
51A_01204_29.jpg,51A01204,51A01204,True,0,0.1202852725982666
60A_35981_16.jpg,60A35981,160435981,False,2,0.12138867378234863
51F_77836_29.jpg,51F77836,151F77836,False,1,0.12615609169006348
51H_95326_00.jpg,51H95326,51H95326,True,0,0.1268634796142578
75A_19999_08.jpg,75A19999,75A19999,True,0,0.11847400665283203
51F_21255_14.jpg,51F21255,51F21255,True,0,0.12627863883972168
60A_86888_05.jpg,60A86888,60A86888,True,0,0.1310412883758545
51F_04275_01.jpg,51F04275,51F04275,True,0,0.13216757774353027
63A_09180_03.jpg,63A09180,A63A09180,False,1,0.1361708641052246
51F_02687_00.jpg,51F02687,151F02687,False,1,0.13308429718017578
75A_16868_19.jpg,75A16868,75A16868,True,0,0.1278073787689209
89A_07379_21.jpg,89A07379,89A07379,True,0,0.1259784698486328
51F_79512_07.jpg,51F79512,51F79512,True,0,0.13025808334350586
51F_22029_29.jpg,51F22029,151F22029,False,1,0.13094091415405273
51A_72110_28.jpg,51A72110,51A72110,True,0,0.1305403709411621
51F_44166_07.jpg,51F44166,51F44166,True,0,0.13062834739685059
30E_00090_03.jpg,30E00090,30E00090,True,0,0.13019371032714844
51A_05227_20.jpg,51A05227,51A05227,True,0,0.15219855308532715
51F_82606_11.jpg,51F82606,51F82606,True,0,0.17257404327392578
51F_59881_15.jpg,51F59881,51F59881,True,0,0.1192636489868164
51G_39466_29.jpg,51G39466,51639466,False,1,0.12685871124267578
51G_48154_24.jpg,51G48154,51648154,False,1,0.11966538429260254
60A_35981_20.jpg,60A35981,60A35981,True,0,0.1196141242980957
60L_D00584_00.jpg,60LD0058,60L000584,False,2,0.11978793144226074
60A_99999_26.jpg,60A99999,160499999,False,2,0.12677741050720215
72B_03193_10.jpg,72B03193,72B03193,True,0,0.12930846214294434
51F_64619_09.jpg,51F64619,51F64619,True,0,0.13111329078674316
51G_44313_12.jpg,51G44313,51644313,False,1,0.1281747817993164
51F_61712_08.jpg,51F61712,51F61712,True,0,0.13210034370422363
89A_07394_02.jpg,89A07394,89A07394,True,0,0.1291346549987793
61A_39534_11.jpg,61A39534,61A39534,True,0,0.12460541725158691
51G_47340_21.jpg,51G47340,51647340,False,1,0.12645268440246582
51B_30620_23.jpg,51B30620,51B30620,True,0,0.12431597709655762
51G_00672_04.jpg,51G00672,51G00672,True,0,0.12597036361694336
51F_59011_04.jpg,51F59011,51F59011,True,0,0.1274402141571045
51B_15533_14.jpg,51B15533,51B15533,True,0,0.12015461921691895
30E_43502_22.jpg,30E43502,30E43502,True,0,0.12523651123046875
62A_05295_23.jpg,62A05295,162405195,False,3,0.12333893775939941
88A_20626_07.jpg,88A20626,88A20626,True,0,0.13228774070739746
51F_04275_06.jpg,51F04275,51F04275,True,0,0.12616825103759766
30E_29328_14.jpg,30E29328,30E29328,True,0,0.12235188484191895
61A_39534_01.jpg,61A39534,61A39534,True,0,0.12710165977478027
51G_51008_11.jpg,51G51008,51651008,False,1,0.12800979614257812
30E_43843_22.jpg,30E43843,30E43843,True,0,0.12648320198059082
51A_85325_19.jpg,51A85325,51A85325,True,0,0.1193685531616211
51G_47340_20.jpg,51G47340,51647340,False,1,0.12131190299987793
60A_35981_09.jpg,60A35981,60A35981,True,0,0.12848472595214844
51F_59011_30.jpg,51F59011,51F59011,True,0,0.12808918952941895
60A_86888_07.jpg,60A86888,60A86888,True,0,0.12864255905151367
51F_22029_30.jpg,51F22029,151F22029,False,1,0.12403273582458496
50L_D04411_14.jpg,50LD0441,H50LD04411,False,2,0.12548613548278809
51G_48154_26.jpg,51G48154,51648154,False,1,0.12594866752624512
51A_69172_00.jpg,51A69172,51A691721,False,1,0.1270599365234375
51G_37675_20.jpg,51G37675,51G37675,True,0,0.11802339553833008
51F_58214_24.jpg,51F58214,51F58214,True,0,0.12945818901062012
75A_15678_11.jpg,75A15678,175415678,False,2,0.12905359268188477
60A_35981_13.jpg,60A35981,60A35981,True,0,0.12695550918579102
51H_20969_16.jpg,51H20969,51H20969,True,0,0.12454986572265625
89A_07379_30.jpg,89A07379,89407379,False,1,0.12517929077148438
51G_39466_17.jpg,51G39466,51G39466,True,0,0.11949896812438965
51H_20969_24.jpg,51H20969,151H20969,False,1,0.12665414810180664
51F_24403_09.jpg,51F24403,51F24403,True,0,0.12505650520324707
88A_20626_08.jpg,88A20626,88A20626,True,0,0.126878023147583
51A_01204_12.jpg,51A01204,51A01204,True,0,0.1252760887145996
51A_17556_08.jpg,51A17556,51A17556,True,0,0.12129783630371094
51A_02923_15.jpg,51A02923,51A02923,True,0,0.12563347816467285
88A_03336_02.jpg,88A03336,188403336,False,2,0.12338757514953613
51G_51332_22.jpg,51G51332,51651332,False,1,0.12475991249084473
51G_49539_01.jpg,51G49539,51649539,False,1,0.11901569366455078
61A_22959_04.jpg,61A22959,61A22959,True,0,0.12599897384643555
43A_29999_04.jpg,43A29999,43A29999,True,0,0.12766671180725098
86A_06642_10.jpg,86A06642,86A06642,True,0,0.12744450569152832
51F_58214_25.jpg,51F58214,STF58214,False,2,0.12727022171020508
51G_01440_12.jpg,51G01440,51G601440,False,1,0.12559008598327637
61A_30001_14.jpg,61A30001,61A30001,True,0,0.1279008388519287
51B_24790_02.jpg,51B24790,51B24790,True,0,0.12473702430725098
51F_61712_14.jpg,51F61712,151F61712,False,1,0.1299724578857422
92A_06625_27.jpg,92A06625,92A06625,True,0,0.11860108375549316
56S_0009_21.jpg,56S0009_,156S0009,False,2,0.125962495803833
51F_88270_22.jpg,51F88270,15F88270,False,2,0.11932778358459473
51F_06532_17.jpg,51F06532,51F06532,True,0,0.11757946014404297
51A_69172_30.jpg,51A69172,51A69172,True,0,0.12304162979125977
51F_59881_14.jpg,51F59881,1F59881,False,1,0.12821340560913086
51G_42971_05.jpg,51G42971,51642971,False,1,0.12890219688415527
51A_72110_05.jpg,51A72110,51A72110,True,0,0.12785983085632324
30E_34411_18.jpg,30E34411,I0E34411,False,1,0.12736034393310547
51G_22237_16.jpg,51G22237,151622237,False,2,0.13269805908203125
89A_07379_29.jpg,89A07379,89A07379,True,0,0.12906432151794434
50Z_1630_19.jpg,50Z1630_,5021630,False,2,0.12108588218688965
51G_00672_05.jpg,51G00672,151600672,False,2,0.12514805793762207
51A_96141_12.jpg,51A96141,51A96141,True,0,0.126176118850708
86A_06844_00.jpg,86A06844,B6A06844,False,1,0.12549614906311035
51F_24403_00.jpg,51F24403,51F24403,True,0,0.12893438339233398
30E_64379_15.jpg,30E64379,30E64379,True,0,0.12748432159423828
51A_69172_09.jpg,51A69172,51A69172,True,0,0.12288427352905273
60A_86888_02.jpg,60A86888,60A86888,True,0,0.1290733814239502
75A_16868_10.jpg,75A16868,75A16868,True,0,0.13461732864379883
43A_27208_18.jpg,43A27208,43A27208,True,0,0.15012645721435547
60A_03868_24.jpg,60A03868,60A03868,True,0,0.12726378440856934
51F_59881_18.jpg,51F59881,51F59881,True,0,0.12599539756774902
51F_07973_23.jpg,51F07973,51F07973,True,0,0.11865234375
92A_08922_02.jpg,92A08922,92A08922,True,0,0.12807226181030273
51B_21666_20.jpg,51B21666,51B21666,True,0,0.13080883026123047
51A_72110_24.jpg,51A72110,51A72110,True,0,0.13242053985595703
92A_08922_15.jpg,92A08922,92A08922,True,0,0.12914443016052246
50L_D04411_08.jpg,50LD0441,5OLD04411,False,2,0.1260986328125
51F_16159_01.jpg,51F16159,51F16159,True,0,0.12778806686401367
68A_19066_06.jpg,68A19066,68419066,False,1,0.11769676208496094
51F_06948_28.jpg,51F06948,51F06948,True,0,0.11932921409606934
88A_16456_06.jpg,88A16456,88A16456,True,0,0.12629270553588867
89A_07379_00.jpg,89A07379,Q9A07379,False,1,0.1281123161315918
30E_00090_05.jpg,30E00090,130590090,False,3,0.12387609481811523
51B_15533_01.jpg,51B15533,51B15533,True,0,0.11739277839660645
51H_60939_12.jpg,51H60939,51H60939,True,0,0.11956477165222168
51F_24403_23.jpg,51F24403,HIF24403,False,2,0.1287994384765625
48A_05177_25.jpg,48A05177,48A05177,True,0,0.1231236457824707
51G_51332_01.jpg,51G51332,51651332,False,1,0.12604498863220215
43A_27208_01.jpg,43A27208,43A27208,True,0,0.12350201606750488
90A_07718_26.jpg,90A07718,9007718,False,1,0.13549447059631348
51G_10096_17.jpg,51G10096,51G10096,True,0,0.12404274940490723
72A_42234_09.jpg,72A42234,72842234,False,1,0.12573647499084473
51A_35059_12.jpg,51A35059,51A35059,True,0,0.11696195602416992
51F_61712_19.jpg,51F61712,151F61712,False,1,0.12662839889526367
51G_48154_25.jpg,51G48154,51648154,False,1,0.12148165702819824
51A_55433_17.jpg,51A55433,51455433,False,1,0.12537550926208496
51F_21255_25.jpg,51F21255,51F21255,True,0,0.12417125701904297
77H_4088_18.jpg,77H4088_,17746086,False,5,0.12756609916687012
51A_69172_06.jpg,51A69172,51A69172,True,0,0.12864279747009277
51G_31691_01.jpg,51G31691,51G31691,True,0,0.12982487678527832
43A_27208_04.jpg,43A27208,43A27208,True,0,0.13063788414001465
51F_13251_01.jpg,51F13251,151F13251,False,1,0.12737774848937988
51F_07973_14.jpg,51F07973,51F07973,True,0,0.11513590812683105
51H_95326_05.jpg,51H95326,51H95326,True,0,0.1266801357269287
51F_57493_21.jpg,51F57493,51F57493,True,0,0.1295609474182129
89A_20061_20.jpg,89A20061,89420061,False,1,0.12832307815551758
51F_63034_05.jpg,51F63034,5F63034,False,1,0.12460207939147949
51A_69172_02.jpg,51A69172,51A691721,False,1,0.1261458396911621
51F_66601_01.jpg,51F66601,51F66601,True,0,0.12303376197814941
51F_24403_08.jpg,51F24403,51F24403,True,0,0.12379193305969238
51G_51332_28.jpg,51G51332,51651332,False,1,0.1341245174407959
51H_20969_20.jpg,51H20969,151H20969,False,1,0.12659072875976562
60A_21418_30.jpg,60A21418,60A21418,True,0,0.125748872756958
51A_72078_12.jpg,51A72078,51A72078,True,0,0.1269516944885254
51F_58250_26.jpg,51F58250,51F58250,True,0,0.11766242980957031
51F_59011_39.jpg,51F59011,51F59011,True,0,0.12826943397521973
51A_05227_19.jpg,51A05227,51A05227,True,0,0.11943578720092773
43A_27208_14.jpg,43A27208,43A27208,True,0,0.12529802322387695
30E_05207_02.jpg,30E05207,30E05207,True,0,0.11934804916381836
89A_20061_12.jpg,89A20061,89A20061,True,0,0.12380647659301758
51G_10096_12.jpg,51G10096,51G10096,True,0,0.12627434730529785
51A_35059_14.jpg,51A35059,51A35059,True,0,0.11732912063598633
51B_15533_04.jpg,51B15533,51B15533,True,0,0.1157224178314209
30E_20701_15.jpg,30E20701,IOE20701,False,2,0.2108607292175293
43A_27208_13.jpg,43A27208,43A27208,True,0,0.3238346576690674
51F_44614_04.jpg,51F44614,S1F44614,False,1,0.6506321430206299
51A_72110_14.jpg,51A72110,51A72110,True,0,0.12752032279968262
56N_7186_17.jpg,56N7186_,56N7186,False,1,0.11987900733947754
86A_06642_32.jpg,86A06642,86A06642,True,0,0.12940287590026855
51G_47281_17.jpg,51G47281,51G47281,True,0,0.12067222595214844
88A_16456_07.jpg,88A16456,I88A16456,False,1,0.13224291801452637
51F_07568_06.jpg,51F07568,51F07568,True,0,0.12087535858154297
51F_22261_14.jpg,51F22261,51F22261,True,0,0.12791776657104492
88A_22999_10.jpg,88A22999,188A22999,False,1,0.12776827812194824
30E_29328_16.jpg,30E29328,30E29328,True,0,0.11819887161254883
51F_88270_15.jpg,51F88270,51F88270,True,0,0.12488055229187012
51A_05227_11.jpg,51A05227,51A05227,True,0,0.11874556541442871
60L_D00584_01.jpg,60LD0058,60LD00584,False,1,0.1210939884185791
51G_51008_08.jpg,51G51008,51651008,False,1,0.12280488014221191
75A_15678_13.jpg,75A15678,175415678,False,2,0.1523444652557373
66S_6666_05.jpg,66S6666_,6656666,False,2,0.1279449462890625
51A_77529_04.jpg,51A77529,51A77529,True,0,0.14719462394714355
51H_96668_14.jpg,51H96668,51H96668,True,0,0.12678003311157227
51F_98466_10.jpg,51F98466,51F98466,True,0,0.11919331550598145
51F_24403_24.jpg,51F24403,S1F24403,False,1,0.12564539909362793
51F_78904_05.jpg,51F78904,51F78904,True,0,0.13178157806396484
51F_20754_16.jpg,51F20754,51F20754,True,0,0.11943340301513672
51B_30620_07.jpg,51B30620,51B30620,True,0,0.13134050369262695
61A_39534_16.jpg,61A39534,61A39534,True,0,0.1203603744506836
51A_35059_10.jpg,51A35059,51A35059,True,0,0.11855220794677734
99K_9999_22.jpg,99K9999_,99K9999,False,1,0.12877678871154785
93L_D00103_03.jpg,93LD0010,931000103,False,3,0.12674665451049805
51A_89714_06.jpg,51A89714,51A89714,True,0,0.12671756744384766
51F_07973_10.jpg,51F07973,51F07973,True,0,0.1195991039276123
51H_20969_18.jpg,51H20969,51H20969,True,0,0.12642860412597656
51F_78396_00.jpg,51F78396,51F78396,True,0,0.1261906623840332
51F_63034_25.jpg,51F63034,5IF63034,False,1,0.12507033348083496
30E_05207_06.jpg,30E05207,30E05207,True,0,0.12330889701843262
51G_47340_22.jpg,51G47340,51G647340,False,1,0.123260498046875
60A_39951_23.jpg,60A39951,60A39951,True,0,0.1254723072052002
51G_10209_23.jpg,51G10209,51610209,False,1,0.11714601516723633
51A_96141_25.jpg,51A96141,51A96141,True,0,0.12912535667419434
89A_07379_25.jpg,89A07379,8907379,False,1,0.12442326545715332
51G_27471_24.jpg,51G27471,51627471,False,1,0.12221026420593262
51F_07973_17.jpg,51F07973,51F07973,True,0,0.12508916854858398
51A_17556_09.jpg,51A17556,51A17556,True,0,0.13965439796447754
51F_31118_10.jpg,51F31118,51F31118,True,0,0.12474274635314941
51G_22237_17.jpg,51G22237,51622237,False,1,0.13182830810546875
51G_01440_11.jpg,51G01440,51601440,False,1,0.13431072235107422
51F_22261_10.jpg,51F22261,51F22261,True,0,0.1268017292022705
51G_20536_00.jpg,51G20536,51620536,False,1,0.1254134178161621
51A_11122_05.jpg,51A11122,51A111224,False,1,0.12436628341674805
51A_77529_01.jpg,51A77529,51A77529,True,0,0.1241915225982666
51F_74776_24.jpg,51F74776,51F74776,True,0,0.12610816955566406
51F_16159_21.jpg,51F16159,51F16159,True,0,0.12777304649353027
51F_78904_06.jpg,51F78904,51F78904,True,0,0.12915945053100586
51F_22029_03.jpg,51F22029,51F22029,True,0,0.11704635620117188
51F_59881_22.jpg,51F59881,51F59881,True,0,0.13379287719726562
99A_10432_17.jpg,99A10432,S9A10432,False,1,0.12699413299560547
51F_24403_18.jpg,51F24403,51F24403,True,0,0.12053108215332031
51A_01204_05.jpg,51A01204,51A01204,True,0,0.1277017593383789
60A_39951_22.jpg,60A39951,60A39951,True,0,0.11851787567138672
51G_47281_14.jpg,51G47281,51G47281,True,0,0.1268763542175293
89A_07379_20.jpg,89A07379,89A07379,True,0,0.1330580711364746
72B_03193_01.jpg,72B03193,72B03193,True,0,0.12380194664001465
51G_37675_18.jpg,51G37675,51G37675,True,0,0.1314985752105713
51C_59323_28.jpg,51C59323,51059323,False,1,0.1263902187347412
51A_17556_07.jpg,51A17556,51A17556,True,0,0.12111496925354004
56S_4698_22.jpg,56S4698_,56S4698,False,1,0.12232613563537598
51A_05227_12.jpg,51A05227,51A05227,True,0,0.12011170387268066
51F_44614_09.jpg,51F44614,OIF44614,False,2,0.1254863739013672
51F_59011_24.jpg,51F59011,51F59011,True,0,0.12705683708190918
51G_10209_25.jpg,51G10209,51610209,False,1,0.12784647941589355
50L_D04411_06.jpg,50LD0441,50LD04411,False,1,0.1301567554473877
38A_27203_13.jpg,38A27203,138427203,False,2,0.13295340538024902
51G_37307_14.jpg,51G37307,51G37307,True,0,0.12822723388671875
51G_31691_00.jpg,51G31691,51G31691,True,0,0.12525510787963867
88A_16456_00.jpg,88A16456,88A16456,True,0,0.1252913475036621
51G_31691_27.jpg,51G31691,51G31691,True,0,0.12211298942565918
51H_95326_09.jpg,51H95326,51H95326,True,0,0.1298668384552002
51G_10096_18.jpg,51G10096,51G10096,True,0,0.1260387897491455
51G_39466_19.jpg,51G39466,51G39466,True,0,0.12486433982849121
51A_85325_20.jpg,51A85325,51A85325,True,0,0.12502312660217285
43A_29999_21.jpg,43A29999,43A29999,True,0,0.12358856201171875
51G_10096_13.jpg,51G10096,51G10096,True,0,0.12714481353759766
51G_10096_01.jpg,51G10096,51G10096,True,0,0.12906599044799805
51A_01204_14.jpg,51A01204,151A01204,False,1,0.11730790138244629
51F_59881_25.jpg,51F59881,51F59881,True,0,0.1310577392578125
51A_77529_06.jpg,51A77529,51A77529,True,0,0.12876582145690918
51A_05227_21.jpg,51A05227,51A05227,True,0,0.1233816146850586
51F_59011_10.jpg,51F59011,51F59011,True,0,0.12899374961853027
60A_03868_25.jpg,60A03868,60A03868,True,0,0.12378239631652832
60A_35981_19.jpg,60A35981,60A35981,True,0,0.12698101997375488
51A_77529_15.jpg,51A77529,51A77529,True,0,0.12691402435302734
52Z_9755_12.jpg,52Z9755_,15279755,False,3,0.12314867973327637
51H_96668_11.jpg,51H96668,51H96668,True,0,0.12483572959899902
51F_22029_26.jpg,51F22029,51F22029,True,0,0.12214827537536621
51H_12345_17.jpg,51H12345,51H12345,True,0,0.12915396690368652
51G_29034_26.jpg,51G29034,51629034,False,1,0.14260601997375488
51F_32488_20.jpg,51F32488,51F32488,True,0,0.14383411407470703
51A_69172_11.jpg,51A69172,51A69172,True,0,0.12919950485229492
51F_22261_18.jpg,51F22261,51F22261,True,0,0.12432599067687988
62A_05772_27.jpg,62A05772,162405772,False,2,0.1240231990814209
51F_74716_23.jpg,51F74716,51F74776,False,1,0.12826824188232422
51A_60216_20.jpg,51A60216,51A60216,True,0,0.13202118873596191
51F_68888_15.jpg,51F68888,1F688881,False,2,0.13234257698059082
51F_15585_16.jpg,51F15585,51F15585,True,0,0.12834477424621582
51A_72078_22.jpg,51A72078,51A72078,True,0,0.12276244163513184
51G_51332_20.jpg,51G51332,51651332,False,1,0.12333250045776367
51F_44614_11.jpg,51F44614,51F44614,True,0,0.12451815605163574
51F_73029_21.jpg,51F73029,151F73029,False,1,0.12586116790771484
30E_29328_17.jpg,30E29328,30E29328,True,0,0.11931777000427246
51G_01177_08.jpg,51G01177,51G01177,True,0,0.12012624740600586
51F_16159_07.jpg,51F16159,5LF16159,False,1,0.11994767189025879
51A_13883_03.jpg,51A13883,51A13883,True,0,0.12474966049194336
51G_37307_12.jpg,51G37307,51G37307,True,0,0.12615108489990234
51A_72078_14.jpg,51A72078,51472078,False,1,0.12420177459716797
51H_18888_19.jpg,51H18888,51H18888,True,0,0.12294411659240723
75A_16868_11.jpg,75A16868,75A16868,True,0,0.1225132942199707
51F_59011_26.jpg,51F59011,51F59011,True,0,0.12445402145385742
50L_D04411_10.jpg,50LD0441,150LD04411,False,2,0.13115310668945312
51A_96141_14.jpg,51A96141,51A96141,True,0,0.12865424156188965
99A_11783_18.jpg,99A11783,199411783,False,2,0.12787985801696777
51G_31691_04.jpg,51G31691,51631691,False,1,0.13048171997070312
51F_24403_27.jpg,51F24403,51F24403,True,0,0.12580108642578125
61A_22959_03.jpg,61A22959,61A22959,True,0,0.12183833122253418
86B_01240_00.jpg,86B01240,86B01240,True,0,0.1291651725769043
51F_15585_07.jpg,51F15585,51F15585,True,0,0.12539005279541016
51F_27809_06.jpg,51F27809,51F27809,True,0,0.13096261024475098
51A_85325_10.jpg,51A85325,51A85325,True,0,0.13097190856933594
51A_96141_28.jpg,51A96141,51A96141,True,0,0.12605762481689453
51G_10096_15.jpg,51G10096,51G10096,True,0,0.12678742408752441
30E_48226_27.jpg,30E48226,AVE48726,False,3,0.12416505813598633
51G_10096_14.jpg,51G10096,51610096,False,1,0.12018847465515137
51F_07973_21.jpg,51F07973,51F07973,True,0,0.12863516807556152
89A_06932_22.jpg,89A06932,89406932,False,1,0.13443398475646973
51A_89714_02.jpg,51A89714,1A89714,False,1,0.1270275115966797
30E_19752_15.jpg,30E19752,30E19752,True,0,0.12465047836303711
51F_24403_11.jpg,51F24403,51F24403,True,0,0.11942720413208008
89A_15961_14.jpg,89A15961,189A15961,False,1,0.12371253967285156
51C_03283_25.jpg,51C03283,151003783,False,3,0.12268829345703125
38A_27203_14.jpg,38A27203,138427203,False,2,0.12036657333374023
51G_20536_01.jpg,51G20536,51620536,False,1,0.1288301944732666
89A_20061_19.jpg,89A20061,89A20061,True,0,0.12749552726745605
51F_15585_02.jpg,51F15585,51F15585,True,0,0.12917590141296387
93L_D00103_05.jpg,93LD0010,931000103,False,3,0.12707281112670898
51G_51008_12.jpg,51G51008,51651008,False,1,0.12470436096191406
51G_52911_10.jpg,51G52911,151652917,False,3,0.11866617202758789
30E_38721_11.jpg,30E38721,30E38721,True,0,0.12467575073242188
51A_13883_04.jpg,51A13883,51A13883,True,0,0.12440657615661621
49A_37021_30.jpg,49A37021,449437021,False,2,0.12989187240600586
51G_21670_09.jpg,51G21670,51G21670,True,0,0.13364410400390625
51F_22261_16.jpg,51F22261,151F22261,False,1,0.12577319145202637
51F_61712_26.jpg,51F61712,51F61712,True,0,0.12674283981323242
72B_03193_04.jpg,72B03193,72B03193,True,0,0.12668204307556152
51F_06532_18.jpg,51F06532,51F06532,True,0,0.12019991874694824
51A_17556_05.jpg,51A17556,51A17556,True,0,0.12333273887634277
51F_02687_02.jpg,51F02687,1F02687,False,1,0.13131260871887207
51A_72078_18.jpg,51A72078,51A72078,True,0,0.12639737129211426
60L_D00584_30.jpg,60LD0058,OLD00594,False,4,0.1283562183380127
30E_43843_20.jpg,30E43843,30E43843,True,0,0.12540102005004883
51B_21666_19.jpg,51B21666,51B21666,True,0,0.12495255470275879
51G_51332_02.jpg,51G51332,51651332,False,1,0.138810396194458
30E_49536_28.jpg,30E49536,30F49536,False,1,0.12674903869628906
51F_59881_01.jpg,51F59881,51F59881,True,0,0.12630939483642578
60A_35981_14.jpg,60A35981,60A35981,True,0,0.12816619873046875
51F_59011_08.jpg,51F59011,51F69011,False,1,0.12497162818908691
51F_21255_23.jpg,51F21255,51F21255,True,0,0.1290292739868164
51A_85325_26.jpg,51A85325,51A85325,True,0,0.14065790176391602
51F_63034_27.jpg,51F63034,51F63034,True,0,0.1271805763244629
51A_77529_07.jpg,51A77529,51A77529,True,0,0.1258068084716797
86B_01240_01.jpg,86B01240,86B01240,True,0,0.12519097328186035
51F_22403_20.jpg,51F22403,51F24403,False,1,0.12470388412475586
51F_59881_27.jpg,51F59881,51F59881,True,0,0.1258094310760498
98A_17339_10.jpg,98A17339,98A17339,True,0,0.12614679336547852
51F_59881_21.jpg,51F59881,151F59881,False,1,0.13487863540649414
60A_39951_21.jpg,60A39951,60A39951,True,0,0.15536832809448242
51A_72078_23.jpg,51A72078,151472078,False,2,0.14349031448364258
51A_17556_11.jpg,51A17556,51A17556,True,0,0.13099956512451172
360_1418_24.jpg,3601418_,36A01418,False,2,0.12362980842590332
51G_37307_16.jpg,51G37307,51G37307,True,0,0.12237691879272461
51G_51008_13.jpg,51G51008,51651008,False,1,0.12250399589538574
51F_04275_05.jpg,51F04275,51F04275,True,0,0.12963628768920898
51A_85325_00.jpg,51A85325,51A85325,True,0,0.13109064102172852
51H_95326_03.jpg,51H95326,51H95326,True,0,0.13766074180603027
51F_88270_29.jpg,51F88270,151F88270,False,1,0.12737107276916504
51A_89714_07.jpg,51A89714,51489714,False,1,0.12590932846069336
51F_06948_29.jpg,51F06948,51F06948,True,0,0.12638211250305176
51A_05227_01.jpg,51A05227,51A05227,True,0,0.12459588050842285
80B_6789_23.jpg,80B6789_,80B6789,False,1,0.1262681484222412
51G_31691_05.jpg,51G31691,51631691,False,1,0.12526273727416992
51G_21670_03.jpg,51G21670,51621670,False,1,0.12037062644958496
89A_07379_08.jpg,89A07379,89A07379,True,0,0.12706613540649414
51H_96668_07.jpg,51H96668,51H96668,True,0,0.12995648384094238
51F_66601_14.jpg,51F66601,51F66601,True,0,0.12674379348754883
51F_59011_09.jpg,51F59011,51F59011,True,0,0.11980104446411133
51A_72078_17.jpg,51A72078,151A72078,False,1,0.12352824211120605
51G_10209_27.jpg,51G10209,151610209,False,2,0.12481927871704102
51F_06532_21.jpg,51F06532,51F06532,True,0,0.1280229091644287
51G_25481_23.jpg,51G25481,51625481,False,1,0.12304139137268066
88A_23016_11.jpg,88A23016,QBA23016,False,2,0.11937236785888672
89A_07379_24.jpg,89A07379,89A07379,True,0,0.12902283668518066
51F_88270_20.jpg,51F88270,51F88270,True,0,0.11643624305725098
88L_D00773_17.jpg,88LD0077,88L000773,False,2,0.12524127960205078
77L_7777_19.jpg,77L7777_,77777,False,3,0.12886691093444824
88L_D00757_16.jpg,88LD0075,88L000757,False,2,0.12543416023254395
60A_35981_10.jpg,60A35981,60A35981,True,0,0.12751007080078125
38N_1636_17.jpg,38N1636_,38N1636,False,1,0.12581372261047363
51B_24790_21.jpg,51B24790,51B24790,True,0,0.12572908401489258
61A_22959_07.jpg,61A22959,161A22959,False,1,0.13272953033447266
51A_60216_18.jpg,51A60216,51A60216,True,0,0.1260392665863037
51G_31691_28.jpg,51G31691,51G31691,True,0,0.1188509464263916
51H_20969_05.jpg,51H20969,51H20969,True,0,0.1250476837158203
51A_72110_25.jpg,51A72110,51A72110,True,0,0.12894797325134277
51F_63034_30.jpg,51F63034,51F63034,True,0,0.12289118766784668
51F_59011_11.jpg,51F59011,151F59011,False,1,0.12850689888000488
60A_03868_27.jpg,60A03868,60A03868,True,0,0.12161087989807129
51F_20754_17.jpg,51F20754,151F20754,False,1,0.12894964218139648
48A_05177_27.jpg,48A05177,48405177,False,1,0.1227254867553711
51F_61712_28.jpg,51F61712,51F61712,True,0,0.12778520584106445
30E_38721_02.jpg,30E38721,30E38721,True,0,0.12555623054504395
51A_01204_00.jpg,51A01204,51A01204,True,0,0.12747573852539062
51F_75326_26.jpg,51F75326,51F75326,True,0,0.12759780883789062
51A_85325_25.jpg,51A85325,51A85325,True,0,0.11671662330627441
51F_35613_27.jpg,51F35613,51F35613,True,0,0.12084054946899414
89A_07379_01.jpg,89A07379,89407379,False,1,0.12921524047851562
51G_51332_03.jpg,51G51332,51651332,False,1,0.12461352348327637
30E_12176_09.jpg,30E12176,ANE12176,False,2,0.12369418144226074
51G_47281_04.jpg,51G47281,51G47281,True,0,0.11556887626647949
51F_59881_29.jpg,51F59881,51F59881,True,0,0.12419843673706055
51H_20969_02.jpg,51H20969,51H20969,True,0,0.1266937255859375
51G_51292_17.jpg,51G51292,51651292,False,1,0.1286327838897705
51A_69172_04.jpg,51A69172,51A691721,False,1,0.1312103271484375
51F_59881_13.jpg,51F59881,51F59881,True,0,0.12925028800964355
51F_88270_18.jpg,51F88270,51F88270,True,0,0.1253819465637207
30E_10328_08.jpg,30E10328,13013028,False,4,0.12523913383483887
51F_24476_02.jpg,51F24476,S1F2476,False,2,0.1361391544342041
51A_85325_29.jpg,51A85325,51485325,False,1,0.12818360328674316
